text,longevity
Royal Mail chairman Donald Brydon set to step down,0.5065337382256985
Slump in Weir leads FTSE down from record high,0.4578948549926281
AstraZeneca wins FDA approval for key new lung cancer pill,0.5000113673508167
UPDATE 1-Lloyds to cut 945 jobs as part of 3-year restructuring plan,0.73279515709728
Standard Chartered Shifts Emerging-Markets Strategy After Losses,0.4718221858143806
AstraZeneca's Lung Cancer Drug Tagrisso Gets FDA Approval,0.4883313819766045
Severn Trent share price rises as first half profit inches up as customer ...,0.4331073343753815
Glencore sees Tripoli-based NOC as sole legal seller of Libyan oil,0.5366784520447255
Lloyds to cut 945 jobs as part of three-year restructuring strategy,0.7498104256112129
AstraZeneca to Buy ZS Pharma for $2.7 Billion,0.6187372591346502
"Ackman, in email, says supports Valeant CEO Pearson",0.5153355583548546
AstraZeneca sells US drug rights to Perrigo for $380 mln,0.5914430767297745
"UPDATE 1-AstraZeneca buys ZS Pharma for $2.7 billion, pips Actelion",0.5285960517823696
CORRECTED-Shire to buy Dyax for about $5.9 bln,0.5497871145606041
Barclays poised to replace Sir Mike Rake as he heads for exit,0.5108015671372415
AstraZeneca Acquires ZS Pharma in $2.7 Billion Deal,0.6069530725479125
AstraZeneca shares climb 3% as drug maker ups profits forecasts,0.4780745700001717
Peroni and Grolsch put up for sale as AB InBev plans acquisition of SABMiller,0.5835778571665287
easyJet expects resilient demand to withstand security fears,0.4429257191717625
Compass Group says positive for year ahead,0.5249367061071097
Bunzl Lifts Dividend Again As Acquisitions Continue To Boost Profits,0.5459591902792453
US dollar wipes out sales gains for SABMiller,0.47533859014511115
"UPDATE 1-SABMiller 2nd-quarter underlying sales rise, forex impacts margins",0.43760934248566624
UPDATE 2-Pricey beers lift SABMiller's quarterly underlying sales,0.4268848266452551
Valeant CEO Pledges to Heed Critics After `Painful' Experience,0.5351080946624278
"Are Aviva plc, Direct Line Insurance Group PLC And Admiral Group plc Set To Soar?",0.5392883762717247
"Are Aviva plc, Direct Line Insurance Group PLC And Admiral Group plc Set To Soar?",0.5392883762717247
StanChart and RBS struggle in Bank of England stress tests,0.51264254078269
StanChart and RBS struggle in Bank of England stress tests,0.51264254078269
REFILE-UPDATE 4-Britain's Lloyds to pay first dividend since rescue,0.48562861084938047
Barclays sells benchmark indices unit to Bloomberg,0.5038931533694266
"Sainsbury's, Asda, Tesco and Morrisons will all cut petrol prices as oil falls ...",0.49124685972929005
"Sainsbury's, Asda, Tesco and Morrisons will all cut petrol prices as oil falls ...",0.49124685972929005
"Sainsbury's, Asda, Tesco and Morrisons will all cut petrol prices as oil falls ...",0.49124685972929005
"EU drops Shell, BP, Statoil from ethanol benchmark investigation",0.5427297562360764
"EU drops Shell, BP, Statoil from ethanol benchmark investigation",0.5427297562360764
AstraZeneca Explores Potential Deal With Acerta for Cancer Drug,0.5177571408450603
Shell and BG Shareholders to Vote on Deal at End of January,0.4714410565793514
AstraZeneca chases Acerta to secure next cancer drug winner,0.5325786337256432
CompaniesTesco off to a bad start over Xmas â€“ Kantar,0.4339746586978435
"DBS, Julius Baer emerge as potential bidders for Barclays Asia wealth unit ...",0.5205953016877174
Why AstraZeneca plc & Dixons Carphone PLC Are Red-Hot Growth Stars!,0.575267693400383
BBCN Bancorp to buy Wilshire Bancorp in $1 bln deal,0.6371323004364966
ITV share price jumps on report of Comcast's NBCUniversal bidding to takeover ...,0.4909719973802567
ITV share price jumps on report of Comcast's NBCUniversal bidding to takeover ...,0.4909719973802567
Glencore Studies Possible IPO for Agricultural Trading Business,0.5857930302619935
Can Christmas Save Sainsbury's plc And Tesco plc?,0.46393612027168274
UPDATE 1-AstraZeneca boosts respiratory unit with $575 mln Takeda deal,0.5334488771855831
Bilfinger Industrial Services win Â£100m BP contract extension,0.7133856838569045
"Standard Chartered, RBS Escape Capital Raising in Stress Test",0.47248663902282717
"Standard Chartered, RBS Escape Capital Raising in Stress Test",0.47248663902282717
AstraZeneca weighing up Acerta bid to secure blood cancer drug,0.508201390504837
GlaxoSmithKline set to complete $20 billion Novartis asset swap next week,0.5231090754270553
2 Turnaround Buys For 2016? BHP Billiton plc And Home Retail Group Plc,0.5199692904949188
L&G completes UK's largest medically underwritten bulk pension risk deal,0.6368100296705961
Meggitt share price tumbles as profit falls in 'challenging year',0.49786988366395235
Drugmaker Shire to buy Baxalta for $32 billion after 6-month pursuit,0.5666547853499652
Kingfisher share price slides on cost to implement new strategy,0.46522212699055676
Shire says internal synergy goals from Baxalta deal higher,0.550096207857132
"European shares plunge, roiled by BHP and oil; hopes turn to ECB",0.4783503293991089
Morrisons and Debenhams surprise City with Christmas bounce back,0.43324306681752206
Morrisons and Debenhams surprise City with Christmas bounce back,0.43324306681752206
"Britain's FTSE falls back with Ashtead, commodities under pressure",0.47124641761183733
Tesco shares jump 6% after Christmas sales beat expectations,0.4159599024802446
"CEOs of BPM, UBI meet Italy econ minister as M&A talk heats up",0.5208707094192504
CompaniesHome Retail trims gains but is considered 'in play',0.4572638992220163
Philippines' San Miguel says to partner with Kirin if it bids for SABMiller's ...,0.5057019226253033
Philippines' San Miguel says to partner with Kirin if it bids for SABMiller's ...,0.5057019226253033
Investors Remain Skeptical About Shell-BG Deal,0.5248602412641048
MarketsShire up 2.5% and Baxalta up 6% on $32bn deal,0.5589849717915059
Shire share price under pressure after $32bn Baxalta deal,0.5952038772404193
Shire share price under pressure after $32bn Baxalta deal,0.5952038772404193
Valeant Names Interim Leader as CEO Remains Hospitalized,0.46033533588051795
Valeant Said to Name New CEO With Pearson Still Hospitalized,0.49696382433176034
Shares in BAE Systems hit 10-month high on rating upgrade,0.46968775242567057
Japan's Asahi to submit bid next week for SABMiller's Grolsch and Peroni - Yomiuri,0.45011312440037726
Analyst Views: Astrazeneca shares have seen recent volatility; what will 2015 ...,0.5136735649779439
CompaniesDixons Carphone to close 134 UK stores as sales jump,0.4617299288511276
"Broker tips: RBS, Croda, Sage",0.45659703835845
"Broker tips: RBS, Croda, Sage",0.45659703835845
Shell share price: Standard Life announce position against BG acquisition,0.5265545509755611
Shell share price: Standard Life announce position against BG acquisition,0.5265545509755611
Tesco share price down as grocer faces SFO investigation outcome,0.5378074575215579
"Britain's FTSE outperforms Europe, Royal Mail and Tesco rise",0.4853038422763348
Greene King's third quarter sales boosted by festive season,0.4038937834091485
ARM Royalties Accelerate as Smartphone Market Regains Strength,0.5339000172913074
ConAgra Names Former Hillshire Farms CEO Connolly to Top Post,0.4904359057545662
InterContinental Hotels Group share price climbs on $1.5bn special dividend,0.532895789295435
Amazon to attack UK grocery market with Morrisons deal,0.5395990744233132
AstraZeneca share price: Acerta deal pays off with orphan drug status,0.5448595665395259
"BHP Billiton posts big loss, slashes dividend",0.4849729720503092
Merged LSE and Deutsche BÃ¶rse would be led by Germany's Kengeter,0.5701680101454257
BG Group appoints new CEO one month early,0.3814922651275992
"Should You Buy Jumbo Yielders British American Tobacco plc, Centrica PLC & John Wood Group PLC?",0.6680638957768679
"Should You Buy Jumbo Yielders British American Tobacco plc, Centrica PLC & John Wood Group PLC?",0.6680638957768679
Is Trouble Brewing At Legal & General Group Plc And Aviva plc?,0.5542359240353107
BHP Billiton drags FTSE lower after slashing dividend,0.5016832981258631
"BHP Billiton slashes dividend, posts $5.67 billion net loss",0.49832388982176784
CompaniesMeggitt profits hit by weak energy and military markets,0.4715550169348717
Royal Mail share price edges lower as group raises stamp price,0.45719443559646605
"Glencore Cuts 2015 Budget, Plans To Divest From Lonmin",0.5484583463519812
GlaxoSmithKline starts hunt for successor to CEO Witty,0.5090458676218986
"Rio Tinto swings to loss, drops dividend policy",0.4706192545592785
France raises concerns over proposed LSE-Deutsche Boerse deal,0.5645166866481305
MarketsBP promotes upstream boss to deputy CEO,0.4773399874567986
Legal & General share price: Finance chief to step down,0.511014199256897
Barclays poaches new chief operating officer Paul Compton from JP Morgan Chase,0.5063370123505593
Arm profits and sales up as shift away from mobile gains pace,0.48666523098945613
Barclays appoints JPMorgan's Paul Compton as new COO,0.4828512705862522
Barclays appoints JPMorgan's Paul Compton as new COO,0.4828512705862522
U.S. Debt Lures Schroders as ECB Depresses Rates,0.4811936855316162
"FastJet slams EasyJet founder Stelios for going public, is 'taking legal advice' over letter about contractual ...",0.5335604257881641
NYSE owner ICE considers offer for LSE,0.49231526181101803
News FeedFTSE 100 movers: LSE surges as ICE says mulling offer; Ashtead and Barclays tank,0.4633307404816151
News FeedFTSE 100 movers: LSE surges as ICE says mulling offer; Ashtead and Barclays tank,0.4633307404816151
Balfour Beatty plc Set To Reinstate Dividend (And Rival National Grid plc And Centrica PLC Once More?),0.5086470924317836
Balfour Beatty plc Set To Reinstate Dividend (And Rival National Grid plc And Centrica PLC Once More?),0.5086470924317836
Balfour Beatty plc Set To Reinstate Dividend (And Rival National Grid plc And Centrica PLC Once More?),0.5086470924317836
Intertek swings to Â£347 mln loss on oil's slump,0.46688165217638017
Sanofi poaches AstraZeneca scientist as new research head,0.5339190632104873
Tesco breaks its downward slide by cutting sales decline in half,0.43244001530110837
"News FeedSchroders books solid earnings growth, several board changes",0.4863567776978016
Intertek Group announces strategic update outlining its plan,0.5439193710684777
London Stock Exchange seals Â£22 billion merger with Germany's Deutsche BÃ¶rse,0.6452297478914262
Tullow Oil Suspends Dividend Amid Oil Price Fall,0.4939758136868477
NYSE owner ICE may gatecrash Deutsche Boerse-LSE merger,0.5486054129898549
AB InBev to Sell SABMiller Stake in China's Snow Beer,0.5402198925614357
LSE-Deutsche Boerse merger would signal end to exchange mega-deals,0.541722298413515
RBS Pays $1.7 Billion to Scrap U.K. Treasury's Dividend Rights,0.5404792949557304
Industry NewsWolseley confident in reslilience amid mixed markets,0.48432367444038393
Tesco criticised for 'disgraceful' advert showing domestic worker being slapped,0.496431202441454
FTSE edges up as investors cheer Kingfisher results,0.5143551550805568
Barclays Bonds Rise as Lender Cuts Dividends to Shore Up Capital,0.49353470727801324
Britain's FTSE gets lift from Prudential results,0.5075195245444775
Amazon's grocery deal with Morrisons is only the beginning,0.6296861711889505
"Oil majors like Royal Dutch Shell, Chevron, BP fail to find reserves to counter ...",0.5190436877310276
ICE Said to Start Lining Up Financing for LSE Bidding War,0.5580900669097899
"BP, Statoil, to Withdraw Staff From Algeria Following Rocket Attack",0.5010381408035754
Merkel's Government Said to Support Deutsche Boerse-LSE Merger,0.5396247223019599
Aviva weighs cash handout after beating profit forecast,0.46767380461096764
"WPP, World's Largest Ad Agency, Reports Strong 2015 Growth",0.5315208949148655
"Saudi Aramco, Shell plan to break up Motiva, divide up assets",0.5712898917496204
"Saudi Aramco, Shell plan to break up Motiva, divide up assets",0.5712898917496204
AB InBev to sell more SAB assets as seeks EU deal approval,0.5292692109942437
Tesco's Sales Pickup Isn't Enough,0.4450692839920521
Spain's CaixaBank Expects To Close Deal For Banco BPI,0.5652466215193271
ITV share price: Group mulls takeover of Canada's Entertainment One,0.517512521892786
Entertainment One dispels ITV takeover rumours,0.4369248628616333
Entertainment One dispels ITV takeover rumours,0.4369248628616333
GE to Sell Majority Stake in Bank BPH's Core Bank to Alior Bank,0.5573834627866745
GE to Sell Majority Stake in Bank BPH's Core Bank to Alior Bank,0.5573834627866745
Tata Steel working with StanChart for UK unit sale - source,0.5273025058209896
Tata Steel working with StanChart for UK unit sale - source,0.5273025058209896
Crown Castle buys Tower Development Corp for $461 million,0.5980211518704891
Tesco sells half of stake in ecommerce site Lazada to Alibaba for Â£90m,0.5953394543379545
Tesco sells half of stake in ecommerce site Lazada to Alibaba for Â£90m,0.5953394543379545
"CaixaBank, dos Santos Agree on Plan for BPI Angola Exposure",0.5644146062433719
"BPI Says Caixabank, Isabel dos Santos Reach Agreement Over Angola Exposure",0.5833372347056867
Spain's Caixabank launches new takeover bid for Banco BPI,0.5304523751139641
"Despite sales growth, UK's Tesco cautions recovery to be bumpy",0.429730587080121
ITV to pursue takeover of Canada's Entertainment One: Bloomberg,0.557615627348423
Shire Sees Baxalta Deal Closing as Expected After New Rules,0.5177161015570164
"OCBC to Buy Barclay's Wealth Management Unit in Singapore, Hong Kong",0.579535136371851
Tesco share price steady as analysts weigh in on results,0.485554987937212
Standard Chartered lags on capital worries,0.4514597661793232
Lloyds Banking Group's share price lifts amid reports bank is poised to axe hundreds of UK jobs,0.4797017440199852
Should You Follow Berkshire Hathaway Into Apple Stock?,0.5424758046865463
Morrisons book second consecutive quarter of sales growth,0.4241362553089857
Royal Mail gets mixed bag from Ofcom postal regulation report,0.5004072993993759
UPDATE 3-Ex-Barclays director accused by US of illegal tips to plumber,0.5164511002600192
Standard Life share price: Insurer buys advice firm Pearson Jones,0.5167307548224926
"EU regulators clear $100 billion-plus AB InBev, SABMiller deal",0.6811737868934871
Retail giant Kingfisher reports 'solid' start to the year,0.46598497554659846
Tesco closes in on new chairman with Dixons Carphone's John Allan in the frame,0.5141048341989518
Tesco closes in on new chairman with Dixons Carphone's John Allan in the frame,0.5141048341989518
"Berkshire discloses unit's ties to Iran, opens probe",0.5514451526105404
Berkshire Hathaway names Kara Raiguel to lead General Re unit,0.5023196578025818
"European stocks hover near 3-week low, Dialog and BHP slump",0.45394504219293597
Hargreaves Lansdown bucks weak markets to see assets rise 2.6 percent,0.4394012182950974
MillerCoors Delivers 2.9% Underlying Net Income Growth for 2014,0.4888747878372669
Australia clears AB Inbev's $100 billion SABMiller buyout plan,0.6217887833714486
Goodwin not to face Scottish prosecution over RBS,0.5276980437338352
Royal Mail turnaround proving expensive in tough UK market,0.5626231569796801
Whitbread buys 49% stake in Pure food chain,0.5337092183530331
"Irish Said Chasing Standard Chartered, RBS as Brexit Vote Nears",0.5334866546094418
Royal Mail share price rallies amid positive broker comments,0.4484863139688968
InterContinental Hotels first-quarter global room revenue lags estimates,0.43254479654133315
Aspen to Buy Anaesthetics From AstraZeneca for $520 Million,0.6532314244657755
London Stock Exchange â€“ Deutsche Boerse merger under threat from Brexit,0.5297487296164035
Sainsbury CFO Rogers to Replace Home Retail CEO Walden,0.5233303308486938
Sainsbury CFO Rogers to Replace Home Retail CEO Walden,0.5233303308486938
BP joins forces with Det Norske in Norway,0.5298438914120197
BRIEF-Legal & General's retirement business books 4 billion stg H1 sales,0.5208486471325159
Johnson Matthey revs up on clean air drive,0.4880726099014282
RBS will reportedly appoint Howard Davies as its next chairman,0.5228306479752064
"Goldman Sachs, Barclays, HSBC downplay Brexit threat",0.502402275800705
"Goldman Sachs, Barclays, HSBC downplay Brexit threat",0.502402275800705
"Goldman Sachs, Barclays, HSBC downplay Brexit threat",0.502402275800705
Asahi could be about to snap up more of SABMiller's beers ahead of AB InBev sale,0.5915372177958489
Asahi could be about to snap up more of SABMiller's beers ahead of AB InBev sale,0.5915372177958489
LSE-Deutsche BÃ¶rse dealmakers wrong to ignore Brexit risk,0.5935185708105564
LSE-Deutsche BÃ¶rse dealmakers wrong to ignore Brexit risk,0.5935185708105564
HSBC Hit by Fresh Details of Tax Evasion Claims,0.5565127622336149
Tesco sales recover as focus returns to core business,0.47067065276205544
Johnson Matthey profit falls but dividend rises,0.4629484087228775
"Are ARM Holdings plc, Domino's Pizza Group plc and ASOS plc 3 must-have growth stocks?",0.5964481741189956
"Are ARM Holdings plc, Domino's Pizza Group plc and ASOS plc 3 must-have growth stocks?",0.5964481741189956
Priceline's stock jumps to new high for the year after Barclays upgrade,0.49509465917944906
"Tesco set to sell Kipa, Giraffe businesses - Sky News",0.5513417802751064
"Tesco set to sell Kipa, Giraffe businesses - Sky News",0.5513417802751064
Relief for Lewis as Tesco sees sales grow for first time in a year,0.43052924741059545
The Coca-Cola Company and Coca-Cola FEMSA to Acquire AdeS Soy-Based Beverage Business From Unilever,0.5511914432048798
The Coca-Cola Company and Coca-Cola FEMSA to Acquire AdeS Soy-Based Beverage Business From Unilever,0.5511914432048798
HSBC Says Unit to Book $585 Million Charge on Settlement,0.5804962165653706
"Hammerson, JV Partner secure ownership of Ireland's Dundrum - Quick Facts",0.46498982906341546
Aviva promises higher dividends to boost flagging share price,0.45407624170184135
CompaniesFresnillo shares jump 8% as silver price breaks $21,0.4622303903102875
"Should you buy Associated British Foods plc, Great Portland Estates plc and Dunelm Group plc following today's news?",0.5229257017374038
"Should you buy Associated British Foods plc, Great Portland Estates plc and Dunelm Group plc following today's news?",0.5229257017374038
Berkshire seeks to boost its Wells Fargo stake above 10 percent,0.5368085205554962
Tesco share price tumbles after negative broker note,0.4853172123432159
London Stock Exchange Shareholders Approve Merger With Deutsche BÃ¶rse,0.5213563904166222
UPDATE 1-Berkshire applies to boost Wells Fargo stake above 10 pct,0.5325104765594005
Berkshire applies to boost Wells Fargo stake above 10 percent,0.5502597719430923
"Aviva, M&G suspend property funds as investors panic",0.4404300186783075
"UK housing market steadies after Brexit dip, Persimmon says",0.4913732916116715
BRIEF-Aviva aims to increase dividend pay-out ratio to 50 pct in 2017,0.5176463089883327
Morrisons finance chief to fill gap as CEO leaves early,0.4735871717333794
Builder Persimmon hails 6% rise in house sales,0.4417824603617191
EasyJet attracts more passengers in June but still lags Ryanair,0.4316013239324093
"UPDATE: Persimmon Profit Up Strongly, Outlook Positive",0.4946876078844071
TRLPC - CRH backs Lafarge Holcim asset buy with 6.5 bln euro bridge loan,0.676673859730363
Tesco shareholders back ITV head for chairman,0.49484850913286205
"Buffett's Berkshire builds Deere stake, dumps Exxon",0.5320653706789017
"Buffett's Berkshire builds Deere stake, dumps Exxon",0.5320653706789017
Aviva Fined $27 Million by U.K. Regulator Over Fee Failings,0.5956130195409061
AstraZeneca's patent on asthma drug invalidated by US court,0.5488263636827468
Rolls-Royce to Ensure Compliance After Petrobras Bribery Report,0.5831955671310425
Whitbread share price climbs on Q4 sales growth,0.4450211938470602
Warren Buffett defends Berkshire Hathaway's conglomerate structure,0.49569656848907473
G4S sees profits rise but UK contract problems remain,0.45667277947068213
Friends Life lifts profits 38% and hikes divi ahead of proposed Aviva takeover,0.47570144608616827
Auto Trader share price surges as company floats on LSE,0.46819561049342157
New Credit Suisse boss faces stiff challenge in Asia,0.4907915003597736
"UPDATE: EasyJet Passenger Numbers, Aer Lingus Traffic Up In February",0.4529223799705505
"UPDATE: EasyJet Passenger Numbers, Aer Lingus Traffic Up In February",0.4529223799705505
Is It Worth Investing In Tesco PLC And Prudential plc Now?,0.5476831533014774
Insight hires Aviva's David Hillier for multi-asset team,0.5380910523235798
UK WINNERS & LOSERS: Aviva And Friends Life Lead FTSE 100 Gainers,0.45462152212858203
Sainsbury's says to outperform rivals in tough market,0.5157531060278415
CompaniesKingfisher bid for Mr Bricolage runs into trouble,0.5141842365264894
UPDATE 3-Auto Trader shares leap in UK's biggest private equity-backed listing,0.48074211776256565
"London open: Taylor Wimpey and Ashtead drive markets higher, Barclays falls",0.5020953744649888
"London open: Taylor Wimpey and Ashtead drive markets higher, Barclays falls",0.5020953744649888
"London open: Taylor Wimpey and Ashtead drive markets higher, Barclays falls",0.5020953744649888
GSK and Novartis complete deals to reshape both drugmakers,0.6149685598909855
"Aviva, Friends Life top forecasts ahead of 5.6 billion pound merger",0.5872221004217864
Citigroup to Sell OneMain to Springleaf for $4.25 Billion,0.5948124166578055
Citigroup to Sell OneMain to Springleaf for $4.25 Billion,0.5948124166578055
"U.K. Stocks Resume Gains to Rally to Record; CRH, Tullow Climb",0.459689511358738
British American Tobacco drops and sues PwC over pollution scandal,0.5677912250161172
UK's FTSE has worst day so far in 2015 as BG and Prudential fall,0.4866952128708362
"Kraft, Cadbury's and Britvic in Total Recall: how pulling a product affects profit",0.5004196658730506
"Kraft, Cadbury's and Britvic in Total Recall: how pulling a product affects profit",0.5004196658730506
How Kraft-Heinz Merger Came Together in Speedy 10 Weeks,0.2761298861354589
AstraZeneca Teams With Daiichi Sankyo To Sell Movantik In US,0.5295682184398174
AstraZeneca Teams With Daiichi Sankyo To Sell Movantik In US,0.5295682184398174
RBI surprises Street; Sensex pares gains after hitting mount 30k,0.47622566372156144
Credit Suisse poaches Prudential's Thiam for Asian push,0.5084121234714984
Credit Suisse poaches Prudential's Thiam for Asian push,0.5084121234714984
Kingfisher takeover of Mr Bricolage could hit a brick wall,0.5690783962607383
"U.K. Stocks Little Changed Near Record as Barclays, Shell Fall",0.4527690418064594
Insurers: Admiral blows hot and cold but Aviva soars pre-Friends Life merger,0.4611582070589065
AstraZeneca And Daiichi Sankyo To Jointly Commercialise MOVANTIK In The US,0.5814784683287143
AstraZeneca And Daiichi Sankyo To Jointly Commercialise MOVANTIK In The US,0.5814784683287143
Legal & General arm buys 50 pct stake in MediaCityUK in Manchester,0.5544821880757809
Randgold profit hit by poor gold price but dividend still increases,0.49193293601274485
"CompaniesTravis Perkins lifts dividend, earnings rise 15%",0.47000204548239705
Market Report: Aviva tops the market as traders approve of its choice of Friends,0.4564468570053577
Insurer Old Mutual picks Standard Bank's Hemphill as new CEO,0.49922383576631546
Primark racks up a happy Christmas after strong sales,0.4327675499022007
"FDA panel backs safety updates for AstraZeneca, Takeda drugs",0.5078784622251987
"FDA panel backs safety updates for AstraZeneca, Takeda drugs",0.5078784622251987
CompaniesDiageo stays neutral on India boardroom turmoil,0.503673242032528
UPDATE 1-Pearson expects to grow this year after solid end to 2014,0.5102383110672236
Germanwings disaster will not affect image of budget air travel - easyJet,0.30416957549750806
Germanwings disaster will not affect image of budget air travel - easyJet,0.30416957549750806
Shell's $70 Billion BG Deal Meets Shareholder Skepticism,0.6733450178056956
Tesco sells Blinkbox and broadband service to TalkTalk,0.5171160846948624
Tesco sells Blinkbox and broadband service to TalkTalk,0.5171160846948624
Shell offers 50 percent premium to buy BG for $70 billion,0.6432855803519487
WPP boosts sales despite cautious clients,0.4511636126786471
Shell to buy BG Group in $69.7 billion takeover,0.5968394875526428
LONDON MORNING BRIEFING: HSBC And Standard Chartered Shares Rise,0.4226486697793007
UPDATE 1-BP shareholders back more disclosure on climate change risks,0.5505607210099697
Shell challenges Exxon dominance with 47 billion-pound bid for BG,0.6118154555559159
Shell challenges Exxon dominance with 47 billion-pound bid for BG,0.6118154555559159
Royal Dutch Shell to Buy BG Group for Nearly $70 Billion,0.6862861411646008
City spirits sink after Diageo comes up short with sales slide,0.4837266370654107
Diageo receives reports from United Spirits on financial irregularities involving ...,0.5254689671099186
Diageo receives reports from United Spirits on financial irregularities involving ...,0.5254689671099186
Unilever profit rises despite sales slump in China,0.46673781797289854
Rolls-Royce Wins $9.2 Billion Order From Emirates Airline,0.691117138043046
Tesco sales rise shows tentative recovery continues,0.43997650370001795
Diageo sales disappoint as currency and comparatives leave bitter taste,0.4590000092983246
Tesco leads leap in FTSE 100; Marks & Spencer drops,0.5060983322560787
AstraZeneca profit down as sales of stalwarts fade,0.45459472984075544
"Whitbread Profit Up As Sales Continue To Rise, Looking For New CEO",0.4853702373802662
Glencore blames rivals for creating metals glut,0.5074134431779385
Doubts grow over GlaxoSmithKline's $6 bln capital return plan,0.6436488434672355
easyJet leads Britain's FTSE lower as global bond rout resumes,0.46235157847404473
Imperial Tobacco Adds Quarterly Dividends After Profit Rose,0.4200679145753384
Royal Dutch Shell profit rises; dividend up 4%,0.47144808024168017
BG Group Still Happy With Shell's $70 Billion Offer,0.6004974134266376
SABMiller buys Meantime to quench thirst for craft beer,0.4205955876968801
Aviva shuts Friends Life head office in rapid integration move,0.4398925382643938
Retailers Kingfisher and Sports Direct rise in Britain's share index,0.4803610078990459
"GlaxoSmithKline targets growth across units, scraps ViiV IPO",0.5404417306184768
Tesco share price closes higher as two more directors leave grocer,0.46503670066595076
Tesco leads FTSE higher on Clubcard bid reports,0.5120222643017769
Eli Lilly & Co. (LLY) Has Broken Out To A New High On AstraZeneca Collaboration,0.5194820135831832
"RPT-Old Mutual Q1 gross sales beat forecasts, up 18 pct",0.44178493432700633
"UPDATE 3-BP settles oil spill-related claims with Halliburton, Transocean",0.5531629100441933
"UPDATE 3-BP settles oil spill-related claims with Halliburton, Transocean",0.5531629100441933
GlaxoSmithKline share price slips as FDA okays asthma therapy only for adults,0.46796649545431135
Glencore chief blames rivals' overproduction for share price fall,0.45892493203282353
"Philip Morris, BAT Sue Over Law Taking Branding Off Packs",0.5470299735665322
"Philip Morris, BAT Sue Over Law Taking Branding Off Packs",0.5470299735665322
Hargreaves Lansdown share price falls as costs mount - although pensions ...,0.46256587728857995
"PRESS: Serco Set To Appoint Roy Gardner, Ex-Centrica, As Chairman - FT",0.5223353922367096
"PRESS: Serco Set To Appoint Roy Gardner, Ex-Centrica, As Chairman - FT",0.5223353922367096
UPDATE 1-Cypress Semiconductor offers to buy Integrated Silicon Solution,0.5198783881962299
"UPDATE 1-Nomura, RBS must pay $806 mln in mortgage bond case-US judge",0.6402137331664562
MillerCoors Board Names Gavin Hattersley Interim CEO,0.4812207132577896
"Britain's FTSE gains, Land Securities up after dividend hike",0.4693425424396991
"Britain's FTSE bounces back, Mondi and Barratt lead",0.47570028901100153
"Britain's FTSE bounces back, Mondi and Barratt lead",0.47570028901100153
Morning Agenda: Shire's Deal for NPS,0.5229918889701366
Old Mutual First-Quarter Sales Up 18% Buoyed by Emerging Markets,0.4171442613005638
Do it for me' trend underpins UK sales growth at Kingfisher,0.4686711683869362
"Aldi and Lidl expansion plans speed ahead as Tesco, Sainsbury's, Morrisons ...",0.5428943134844303
"Centrica extends gas deals with Gazprom, Statoil",0.5934483904391528
"Centrica extends gas deals with Gazprom, Statoil",0.5934483904391528
Carnival Corporation and China Merchants Group Sign Memo of Understanding ...,0.5266874745488166
"Aberdeen AM posts H1 outflows, says conditions to remain challenging",0.43350425325334074
Teva: FDA Approves Generic Version of AstraZeneca Heartburn Drug,0.4822530180215836
Teva: FDA Approves Generic Version of AstraZeneca Heartburn Drug,0.4822530180215836
Severn Trent share price jumps as Canadian investor renews pursuit of utility,0.47256920337677
New Morrisons duo get former boss's support to diffuse investor tension,0.48766146525740617
Slowly adding some $FIO here but gotta be careful. This will be one of biggest winners in 2012,0.5395888719707727
$TRX http://stks.co/1KkK Long setup. MACD cross.,0.5636479035019875
I am not optimistic about $amzn both fundementals and charts look like poopoo this quarter.,0.37468877062201494
$GRPN might be selling off ahead of $P earnings...,0.4411555752158165
$IACI http://stks.co/tJU Looks good on the weekly chart.,0.30285874158143994
"$pcln back over ""up"" trendline from 10/4",0.4901914924383163
RT @robbieLOLZ $NFLX A close above here is looking good for the bulls. Will hold my positions to see where we close at. Keep buying here.,0.42154683396220205
Profit taking on $AAPL this morning?  That has to be the pressure on the stock.  I'm still bullish on $AAPL.,0.43743074834346773
$SKX turning. Coming from far could go far. Stock price implies you pay nothing for the business,0.4344728879630566
$MOS looking good here at $58.65. Calls are active in this month and weekly,0.40743787251412866
"Sold out $TZA 45 $PUT (down $1), which were hedging my 45 $CALL. Letting the calls ride solo now.",0.4292437888681888
$YMI http://stks.co/Xyf Long setup. Closed above the 20MA. MACD cross. November catalyst.,0.4449213743209839
$TZOO a close above 28.64 and we are ready to rock and roll,0.4411229185760021
"I'm liking the price action in $SWKS, currently @21.80 ; my target: 24.00+ before year end.",0.46959809660911556
$WFT closng higher from here,0.42771995961666104
$SPPI..building RS. Sweet. I want this to break a new 52week. The earnings growth justifies way higher,0.4343099385499954
$SPY bull move ended waiting for next setup,0.45320247858762736
Double bottom with handle buy point of 29.51 $IP http://chart.ly/akvujxh,0.4585562467575073
"$GLD http://stks.co/jr8 Daily chart - though RSI and Stoch. point at a possible move up, there's a lot of resistance.",0.4243651397526264
$ACOM http://stks.co/1G6x Downside breakout looks to be coming soon.,0.47150438427925107
$ZAGG getting ready...Target $15 plus on a close over $13.50 on better than avg daily Volume http://chart.ly/lha44tn,0.43190005794167524
volatility squeeze in $AAPL. I hope it gets resolved to the upside,0.4632032096385956
"Still short $LNG from $11.70 area...next stop could be down through $9.00. Someone slammed it hard with 230,000 shs this am! More to follow",0.4254870936274528
Covered my small $MWW short @ 7.99 for a .16 loss. Flat on the day. All cash now.,0.46165128573775294
That bearish outside day Tuesday is significant. 200 day resistance still intact. just my opinion $SDS http://chart.ly/2bey48t,0.42492766082286837
"RT FITZSTOCK2004: $IYT http://stks.co/1NBF the Transports always lead  the way, and  they broke DT  line  1st, MACD cross,  bull  flag=",0.453800556063652
$DUG weekly stochastics finally starting to turn up after long consolidation. Buying here.,0.4019475899636745
$SPY Don't hang your bull hat yet. Next week we will pop higher on QE3 hope on back of fed's 2 day meeting.,0.4251441039144993
longed $AMZN 300 @ 189.82,0.6205715931951998
"$SLW is down, but weekly $34 calls (-28.95%), .23 x .25 have 321 volume. Worth a chance here, jmho: http://stks.co/1Qfg",0.37225176692008966
"$HSC Receives 7-Year, $50M Contract at New Saudi Arabian Steel Mill",0.8380962394643575
"Reuters: Green Mountain revenue misses, shares plunge http://stks.co/13mW > $GMCR prints 43.80, market in a foul mood, bad day to disappoint",0.45636042952537537
"$XLF http://stks.co/1KJ9 Bounced off target buy area, bought $skf as a hedge. watch 50ma's slope",0.42620454207062725
$vxx adding to position here !,0.46072945594787595
$GPS Gap September Comparable Store Sales -4%,0.40975631549954417
Double bottom with handle buy point of 56.49 $WMT http://chart.ly/ml857v3,0.4403165139257908
$MA http://stks.co/1CYN continues to consolidate / base here,0.496997893601656
Nasdaq Sets Up for Breakout Part II | via @AllStarCharts http://stks.co/15Nv  $GOOG $AMZN $QCOM,0.49722482860088346
$isrg trading at all-time high after strong earnings report with 4 days of short interest.,0.36880046501755714
$UTSI http://stks.co/15uR Long setup. Reported very good earnings.,0.6219189245253802
Here come the shorts marchin' in.  $GMCR.  Lovin' it!,0.40543405264616006
$aapl news is becoming very bullish again http://stks.co/tMU,0.4707995839416981
stole my tweet. really wouldn't be surprised if we took out 423 and pinned around it RT @totalguru We could possibly even see425 today $AAPL,0.4674927636981011
"$DPZ broke out now of his bull flag channel and make new highs, but volume is very poor",0.41056614071130754
$ES_F. Nice little cup-and-handle shaping up on the 15-minute. End-of-day $SPY $SPX favours a good day for the index. Will we see a gap open,0.4180278781801462
Short more $FAZ for all who don't know that means markets will tank now :-p,0.36364633515477185
RT @alphatrends VMarkets Are Still Acting Weak http://stks.co/1agn  $SPY $QQQ $XLF $SMH $IWM,0.48356049656867983
"FBR Capital reiterated ""Outperform"" rating on $BRCM with a price target of $45.00 on Friday.",0.4772885724902153
$ELN longs...congrats...another HOD,0.6427268866449594
"Casinos red before the bell: $LVS -0.75%, $WYNN -0.47%, $WYNN -0.47% > unusual comibinations of what's running, what's red before the bell",0.41082600206136705
$TSPT  long 8.00,0.5900130733847618
$SKH http://stks.co/163e Long setup. Watch for continuation and volume expansion here. Hot sector.,0.6298056852072478
Looks like its booking a one way ticket to its 40 week MA near 50. Losing 10 week here $LULU http://chart.ly/7xb9h9b,0.3222046405076981
"RT @joemccann the correleation between the dollar index and $SPY is simply amazing. $DX finds support, $SPY retreats like clockwork",0.5092739552259445
$FIO won't stay down,0.5208319611847401
$AAPL http://stks.co/1LDx Clearing this descending trend line / buy area now,0.4339960120618343
$ROST Nov 90 calls 2.08 .. Go Long until exp imo ! Unless europeans keeps F'ing around !,0.4990078523755074
i-Grid shows $DIA capped for the long term at range of 123.40- 124.77;any rally beyond today's levels or into this range leads to meltdown.,0.5908719301223755
"Whats up with $LULU?  Numbers looked good, not great, but good.  I think conference call will instill confidence.",0.47010045945644374
"$ZSL looking very weak, could be a good short setup.",0.3800048213452101
"@Dlerch LOL! $FMCN back under $17, darn those shorts! No chit Sherlock!",0.38562397584319114
$mcp rolling over for a new intraday low. Bottom Pickers continue to get destroyed,0.4251235798001289
"ACE Limited, which has a 17 year dividend growth streak, plans a 33% dividend hike: http://stks.co/1BUE $ACE",0.609668193012476
"$AAPL 50DMA turned up, MACD crossover a half-a-hair away on the weekly. EOD break out likely.",0.42914588451385494
$CIEN http://stks.co/dZU CIEN seems to have broken out of a major horizontal resistance. Targets $14.35.,0.434038332849741
like $T for a breakout long as well. getting through the 100 and 200 MA could see it run.,0.4871343351900578
My $DWA play up 6% today. I'm still skeptical. Will take profits. Not a time cheer,0.43479259461164477
$IBM staying strong,0.5189485184848308
"$SINA even though the ""report"" is untrue and has been proven unture, the damage is done. No one wants to touch it now",0.5708929292857647
"$amzn 4 period RSI is down at 20, just read Connors book on trading strategies",0.45187327265739435
$SIGA Bid for Reargument Denied by Judge,0.5162017866969109
"RT @andrewnyquist Chartology: Yahoo: http://stks.co/1itr $YHOO  Crazy looking chart, but nearing breakout resistance line...",0.47420084327459333
$CERN - consolidating above 50 & 200 MA - nice long entry here w stop below 10 MA - targeting $70 area,0.5370924331247806
$SPY http://stks.co/1MiR We're holding above Wednesday and Thursday closes. I'm leaning bullish. Small postions. Waiting.,0.40355105325579643
$RDC Rowan Expands Share Repurchase Program to $150 million,0.5702656164765357
$NVDA sideways,0.42808755189180375
$HITK  Resuming advance into new historical highs.,0.4844040155410766
Held its recent double bottom buy point of 56.57 almost to the penny today $WMT http://chart.ly/6nosp5q,0.41509511992335313
$GOOG breakout very likely medium target $700+ http://stks.co/1Lpz http://chart.ly/lgb94rr,0.49358296766877174
RT @Street_Insider The Steve Jobs Effect? Apple $AAPL First Day iPhone 4S Sales Were Off the Charts http://stks.co/YYe,0.4535119608044624
"that was quick, out $FIO 21.35, market tanking, scaling down longs now",0.31851772274822
$SPY extreme win today - 2 cents above 2009  low on 10-year and $SPY up 2 percent - life is a bowl of cherries - great short setting up $$,0.35058937482535835
$LNT Increases Annual Dividend Target to $1.80/Share from $1.70/Share,0.5636292606592178
"RT @Cash_Cow $TLT still has a rising RSI & MACD, all this bond buying is signaling some bad moves for the market. $SPY $UUP",0.4572276622056961
$IDCC - $89 share total value of company after crunching #'s. The 4g technology is their diamond in the rough.,0.46303185522556306
$mako hanging in well today. still in a basing pattern. have eyes on it,0.4449675597250462
"RT @stockdemons think shorting here into close might be play, $SPY - high beta reversing..looks worth a shot",0.45602360069751735
$TZA is a rocket ship!!!,0.5368120990693569
"Lots of metal stocks look like a 5-10% run awaits. Long $SSRI,$PAAS and $NEM but most high quality names should go if metal prices cooperate",0.4466171003878116
$vxx starting to creep up while $spy sits near hod ...,0.4482615806162357
$AAPL I'm sure those short are holding their breath hoping for a miracle. lol,0.43602629005908966
VIVUS $VVUS bear raid in effect. Stock down 12%,0.45093431398272515
looks like a big feb 18-22 $put spread on $cree.  Last quarter 0% YoY rev growth trading @ 24x earnings.  I may try a short.,0.3989844467490911
$YELP wayyy overvalued right now IMO. Should be trading single digits. May take a short pos. into earnings. Near term target 18 ......,0.4336945232003927
$renn topping tail 5 min. chart at 7.31 short from here.,0.36604356542229655
$SPY weak close,0.40539303272962574
$ZNGA http://stks.co/3rdu Looking for a test at 9.25 resistance point. cc @ cfrazierjr @FletchTrade #traders,0.41239307597279545
$EFUT hod  posted buy pm at $4.40,0.4445296466350555
$AAPL short some 592.49,0.39451634511351585
"@SOULLOR the regular scrappy Q $SWY usually presents. Sales weak, margins down, debt still way up.",0.3978463493287563
"$AAPL Taking out the shorts here, a punishing reminder not to spear the  strongest in the herd.",0.5089254096150398
Think $FMS will challendge 200-EMA in not distant future.   Look at yesterday's volume,0.4937833450734615
"RT @Dasan @TMTanalyst ...since $AAPL mastered their supply chain // in cornering NAND, Apple mastered EVERYONE'S supply chain!",0.5559165284037589
$PRLB hanging tough in down market due to analyst upgrades last week. Up almost 3%.,0.44437530189752583
$AMRN It's accumulating. I think buy now or hold your peace. This should go up today/tomorrow.,0.328466135635972
$AXP Looking for continuation with volume increase http://stks.co/c8sR,0.4717315599322319
MT @TheAcsMan Amazing seeing everyone suddenly touting $MSFT. Long been favorite covered call & double dip dividend play.,0.5165286272764206
Surprising to see $JWN and $SKS sales numbers still holding up so well. I guess the high end might not be a concern after all.,0.4704204127192497
"AP: Caterpillar posts 60 percent jump in 4Q profit on steep global sales increase, tops Wall St. view > $CAT",0.44464553669095036
$SPY Long 1/2 position 137.89,0.5157675437629222
$AAPL price momentum weakening going into the close.,0.42418572232127194
RT @ACInvestorBlog $AAPL still on track for $500,0.528447723388672
$SPY $MITK fast 56pc dive http://stks.co/3ffN $$,0.4199539035558701
$BAC in for swing trade  looks like want go up,0.42887252494692807
$PCLN runs into the 50sma on the acquisition news,0.46142822057008737
$aapl short term fund/redemption liquidations.. Should have the channel cleared soon and on solid footing. $520 is new floor come July! :),0.29867231128737326
$WYNN big bounce,0.432996916398406
$GLD http://stks.co/44ow On closer inspection.  Resistance 10 points north at 200d and downward trendline. Chart 2 of 2.,0.4373339183628559
$AAPL wants lower. up waves getting smaller on the 2 min,0.3757650379091501
Short interest increases yet again http://stks.co/e19h via @ryandetrick $SPY,0.4188646964728832
"$QCOR a little pullback is fine but if this erases all of todays gains, I cannot believe the manipulation its capable of",0.39974558278918265
$WMT BULLISH with MACD CROSSOVER with RSI and STO going up - above 73.4$ MA50 res. could run http://stks.co/gGCq,0.4350715659558773
Rival companies $GWR and WATCO eyeing $RA w take-over interest.  http://stks.co/o0xY,0.5094057001173496
$AAPL 620 resistance area,0.4515795297920704
what is up with $HK..... from Jan to now it's been a sinking ship...,0.4651993952691555
"$WGO's BoD was right to reject the offer. That company is low because of the economy, not because of any type of mismanagement or anything.",0.46455321460962296
I'm no professional ANAL-yst but I DO put my $ where my mouth is. $AAPL will do $575 b4 yr.endâ€”That's another hun from here.Long LEAPS =^.^=,0.6964544421061873
"$AAPL bounce right now has no vol, more vol when it slid",0.3704225316643715
"$LULU http://stks.co/o17i Bounced off support early in week - now indicators turning up (RSI, MACD, SMI) Worth a look",0.42991244420409197
$NIHD insiders got this one wrong. Looking for bottom. Rsi under 30,0.4706300631165505
$AAPL long 630.91,0.592609415203333
"It's a bad idea to make 5 min predictions based on faith: RT @dandyduct $AAPL Sell signal hit at 584, it will go down for the next 5 min",0.35263781957328316
$KCG bot at 2.24,0.43345356583595274
$HZNP havent seen vol like this since the runup. lets see one more dip to 2.0x,0.45313857793807977
pretty steady accumulation off support today.  Purdy. $AGU,0.4258038282394409
Out of shorts $ALTR at 38.85 with loss,0.4419538863003254
"$GMCR with the way this has been acting, it may fall to 65 today, horrible action since it hit 70 yesterday",0.4489529550075531
$EBAY had a nice breakout of the recent consolidation. Congrats to those who had it. http://stks.co/2TAd,0.4453769937157631
"$SDS +1.46% 15.32, picking up some speed. May 16 calls now +35% .19: http://stks.co/3eiK, Next week $16 calls .11c: http://stks.co/3eiL",0.39063943140208723
"$AAPL AAPL: Gundlach Slams iPad mini, Sees Downside to $425. http://stks.co/bDqV",0.45052549913525586
$AAPL AUG 645 calls +550% .67c: http://stks.co/i9T3,0.48562403619289396
"Went long on this $COG, will see 70's again me thinks",0.5607796512544154
$AAPL nibbling on a small long via 525.. buying off 13min charts..,0.4467907406389714
Added. Cost now at 1.54. Bounce off of Put OI & S1 pivot. @moteltan BTO $AAPL Apr 27 2012 605.0 Calls @ 1.66 for ride to 609 ish.,0.42052054367959496
"$WAC trade continuing very nicely from yesterday, almost up $3 from yesterday entry, deal pricing tonight looking very strong here... $SPY",0.44815000966191293
Equity indexes working on a positive engulfing for March. $SML $RUT $IWC $SMH $SOX  Small-caps / semis with a fakeout before the b/out.,0.37224647887051104
$BONE Earnings Stocks Poised to Pop http://stks.co/2zWE,0.49342716708779333
$SONC Amazing run since middle of March - obvious that the quality/tastiness of their burgers is not being factored into this price advance,0.4464593149721623
$LEE http://stks.co/24kM LEE ready to exit bankruptcy. Strong volume today.,0.44075219109654423
$RCON some upside today. This thing is severe low float. If there is catalyst for this guy. It can run.,0.41536888033151625
$KITD Looking for a oversold bounce.,0.39901477694511417
$PPG Descending triangle but I am liking it for an upside break http://stks.co/o9nY,0.43102349936962125
$NSM ascending base breakout starting to gain traction; strong stock http://stks.co/gBSH,0.47308257818222044
$aapl.  Test the high today and probably go beyond after hours...,0.4183261193335056
Long $PCLN,0.7223108045756816
"$HLF shorts made a killing last couple days, might make more if cover and buy back?",0.44904002323746683
Multi Top on $MCD chart finally leads to a fall in price.  Stability is questioned in the stock but coming weeks will tell.,0.3287104094401002
$MFLX up  pre mkt. Looks like GAP has been filled....lookin 4 short opt here,0.39611371941864487
RT @jan $ARNA Don't think buyout rumor strong enough too be driving this up just yet...when it is this may fly like aapl...// fly how high?,0.45367473512887957
$AAPL Right back in ... - Buy the dips brought to you by CNBC. LOL,0.3692727699875832
$DMND green and moving,0.475973915681243
$MTD (Mettler-Toledo) ready for a breakout,0.4774513091892005
$ACAD under $2 today?,0.4055760614573956
$amzn breaking,0.4321481540799141
$EA points to the two Facebook games and accuses $ZNGA of copyright infringement. http://stks.co/g3A1,0.4920997083187103
"$KGC http://stks.co/3Qta Oversold, falling wedge and positive divergence place it on the launch pad; looking for a bounce.",0.42186432480812075
RT @bman1 $LNG looks primed also $EGHT poised to run too...,0.46820209771394733
$AAPL broke descending channel....will it hold?,0.4817584797739982
$JNK http://stks.co/2Fcm Does not want to go down... risk appetite still high,0.4954108282923698
"PNC, Goldman Sachs Receive Dividend Hike Green Light (But Don't Act): http://stks.co/2pa7 $PNC $GS",0.47031374424695965
$AMD big dumping... would not touch it for a while,0.41610468327999117
$GNRC finding support at its 10-day line so far.,0.34146059900522235
"Loaded up on $bsx yesterday,looking good now. Still think way more upside than downside.",0.4534035474061966
"$QCOR Just added 3,000 shares @28.",0.46613645702600476
"RT @StockTwits RT @fallondpicks Breadth Consolidates: After weeks of steady gains,advances in mkt breadth slowe... http://stks.co/2TrG $QQQ",0.38601021394133567
$AAPL rejected the hod...should head lower. Sitting on the sidelines for now.,0.4644211113452911
"Google, Inc. completes acquisition of ICOA, Inc. http://stks.co/nFEI $ICOA $GOOG",0.5161206088960171
Amazon declares 'best ever' Black Friday and Cyber Monday for Kindle family http://stks.co/cEtw via Engadget $AMZN,0.37313038669526577
Long $VVUS shares as a call option w/ an expiration of..  umm.. TODAY.    Hitting HOD here.,0.3151626730337739
$ISR- @IsoRay Up 6% and high on volume http://stks.co/iFpo #biotech,0.44305225908756257
$FB Nice buyable intraday dip right here,0.3514694560319185
$LSCC Accumulation chart continues to make new highs showing accumulation continuing to take place http://stks.co/aDpO,0.48707402870059013
$SAVE breaking it's downtrend line on increasing volume. A move above 20.57 could see more upside. http://stks.co/l8y4,0.3973349548876286
$GOOG resistance turned support?  It,0.44868118241429333
$CRM Sep 40 calls are +35% since entry #BANG http://stks.co/deDm,0.41884906888008117
Current holdings via options - Long: $AAPL $V $GS $AET & Short: $VXX,0.4472912654280663
$AAPL I am big OUT from this. seems its falling towards 530.. :(,0.4766020357608795
$PKT Momentum building for breakout trigger ! Long setup http://stks.co/eXVU,0.4790998741984367
$NFLX VISION : short term consolidation then movement higher http://stks.co/j05uu,0.29484620885923507
$UUP at major resistance right now. Can go much higher if it can break above. May take several attempts - few days to a week,0.2775544660165906
$spy $vxx $aapl the parties over loaded on $uvxy volatility is back,0.4484835758805275
$brcm raises revenue forecast,0.518950467929244
$BBRY bye bye Sammy. Hello BB. Sounds like we'll see some green tomorrow.,0.3576165039092302
$ASTX Daily technical indicators are bullish. Breakout watch over 4.58  http://stks.co/eOvw,0.42449639216065405
$EDU bouncing nicely after add-on (posted),0.4607559993863105
$YHOO A breakout above $29.83 would constitute a technical entry for the short term trader. http://stks.co/jkUF,0.31487894682213663
BULLISH Engulfing of COCA COLA: http://stks.co/fYCo $KO,0.5016193300485611
$IWM buy programs popping $iwm for close print cheap money means higher stock prices $spy robot buying,0.4964567668735981
"$JE LOOKS like we are bouncing.  Would be nice to finish over $6 today, and make the hammer.  Nice volume from 5.77 bottom.  Fingers crossed",0.43015987575054165
$XLB the weakest sector this year and possible false breakout  http://stks.co/dL1Z,0.43179041147232056
"$TYC just about to break out to new highs, lots of technicals looking great right now.",0.40934373363852505
"$AAPL at pivot area on intraday chart- break here could send this to 50-day SMA, 457.80 http://stks.co/jPbN",0.38623795211315154
"$BRK.B $SPY  All time high tomorrow? 150k on the A shares, Dec 13, 2007.",0.4802665844559669
$SPY wouldn't be surprised to see a green close,0.45872234404087064
@Vegastrader66 Looks like good entry for $QIHU here.,0.4948950245976448
$INO back in this am small post,0.4018637143075466
"@harmongreg: $BBRY wkly, Inverse Head and Shoulders forming, triggers over 18.50, PO at least 30.80, watching http://stks.co/iPVJ",0.3591783098876476
$LINE biggies must be loading up here at lows..,0.4478372640907764
$GS is looking weak while this market is moving higher not a good sign. Unless $gs can get above 157. early short below 154.00 today.,0.42281363233923913
Key level to watch in $FB for today is 25.53-- watching to see if it can hold as support http://stks.co/bOH4,0.4425540499389171
"$YNDX and the price of some stocks was 2 times lower then annual earnings, I could not resist, I  was buying when everyone was selling",0.4190001465380192
"Red Daily Triangle on $SHOR,...Scaling Up on Long Position http://stks.co/r82S",0.36124432086944586
@Megaas2000 $AAPL McDonalds had a big GROWING success for years with the same BigMac and Apple update and improbe Iphone and Ipad,0.8175589023157954
EA Launches Origin Online Game Distribution for Mac http://stks.co/aKTU via MacRumors $EA,0.4747261211276054
$ETN UPGRADE today by MS to overweight.  Excellent company and leadership,0.47081052213907243
"$AAPL double bottom could be in, keep in mind",0.49232957959175117
@Joerazorback This time I think $AAPL will miss again. Generally speaking market is near top when everyone thinks that market goes only up,0.4692848265171051
"$amrn Full bull call spread ranging July to Jan 15. Lets see what this baby does,",0.4306939706206322
$FB Dax says bye bye 2013 - finished a great yr w 28% plus!,0.5284151531755924
@CH_Roark: $UNXL I like this Ascending Triangle on the 30-minute chart. Breakout coming Monday! http://stks.co/aT3GLooks promising.,0.4143458411097527
"@StockTwits: @Kbkiwi: $TSLA Tesla Model S sales exceed target, profitability guidance amended upward: http://stks.co/jQ0w""""",0.4927136793732643
"Long Position on $GOL,...Updating http://stks.co/fdmm",0.5137027122080325
$SMH got a sell signal on 6/4 and needs to take out 39.28 to go higher otherwise headed lower than 37.60 gap below at 35.38,0.46740006059408185
$OSUR up 33% since 6/25 buy signal. resistance 5.33 - expect 1. pullback 2nd half of day or 2. break abov 5.33 & continue rally for 4-5 days,0.3082934180274605
$SPY Could the pride of social media be gettin ready to fall?  $FB - chart rolling over?,0.4564301252365113
$NFLX +3% of the lows,0.42125855684280394
$SBUX getting sold here.,0.48346826285123823
$PG Ackman making the big added efficiency argument. betting on operational imporvement in a huge conglomerate can go either way imo.,0.5301710829138756
$RIMM $spx $nya $compq $djia all going down,0.47020102292299265
"@IfHeDiesHeDies: @Bullhorn334: $ZNGA shorts are getting nervous""""",0.42196466624736784
$ocn has the stuff. Will be looking to add shares if we get a new high breakout.,0.46160026714205743
$BBRY hearing rumours of a major joint venture announcement.,0.5248655319213867
$AAPL Good time to buy. Will the run come before earnings or after?,0.44653822928667064
"$QIHU totally missed this one, was about to jump in on that 60 break test but didn't, congrats shorts",0.4462786629796028
$UVXY Put the chum out there at key support then next level down - careful,0.4952260434627533
Entering long Lockheed Martin $LMT at Thursday's open. http://stks.co/eXtA,0.4637127801775932
@catskillfishing  Note the monthly chart of $GDX & how it recaptured support. $GLD possible double bottom set up. http://stks.co/aw6z,0.4119958251714706
"Key price to watch in $NFLX, off the previous double top reject, 218.23 http://stks.co/sIYn",0.4865553580224514
$SPY Tomorrow party time for the Bears!! $GOOG and $MSFT -5.5%,0.4627979055047035
"$SLV -4.44% at 18 now AWFUL, down from 42.50",0.4625282227993011
$SPY c'mon bulls buy DIPS!,0.4816741690039635
@gakrum nice chart shows distinctive down channel not a dip.. where do you see the bottom? $SPY ..$150? ..$130?,0.44673672243952756
$DXCM - Making higher highs & higher lows as it consolidates over past several weeks. 26.70 was all time high (2006).,0.33852352946996683
"#Apple breaks major support, here are some levels to watch - http://stks.co/jRmW $AAPL $QQQ",0.537073751538992
$CRUS Upgraded to a buy by Alpha Street Research,0.5030934140086174
"$NFLX small pos, short 180 wkly puts.",0.32405313039198513
$TSLA I see more downside in next two weeks be careful -20 dollars drop potential vs +10 up moved,0.31197190191596746
$FB Big Money Is Pouring Into Facebook From All Directions;http://stks.co/sOwG,0.5052268348634243
$LULU #Outlook #Q1 2013 #lost revenue in the range of $12 million to $17 million -not good,0.4491707114502787
@Dojiknows th SP and the potential of QNX BES10 and BBM  cross platform will bring good news in time $bbry,0.48948495164513584
$NUGT longer term bullish,0.6590880025178194
"2nd raise this year.  ""@BVHealthcare: $QCOR Questcor Increases Quarterly Cash Dividend 20 Percent.. http://stks.co/goan""",0.4536853641271591
$PAY 2nd time test of the 21.20-30 b/o zone.  Still not breaking out.  Moved my stop up to 20.80.,0.4415334910154343
$SPY  still wants higher I think.,0.5077741205692292
$BBRY lets see 14+ today,0.39893627241253854
$DCTH Near HOD,0.4682415373623371
$MSFT SQL Server revenue grew double-digit with SQL Server Premium revenue growing over 30% http://stks.co/ir2F,0.4862531051039695
$GTE LONG at 7.44,0.5338365741074085
$DARA breaking out,0.4349774785339832
$TSLA gyrating @ S1 above gap. keeping an eye on S2 http://stks.co/jQfB,0.4566115580499172
"$CNP Sell Short Position on CNP,...Closed for Profit $ 59,367.00 (7.75%) http://stks.co/ghjc",0.4344686388969421
$BBRY Actually lost .03c per share if U incl VZ as no debt and 3.1 in Cash.,0.4489880487322807
$BBRY nice bounce,0.3931608727201819
"$DNN picked some up, like this going into 2014",0.5745196843519806
$NUGT Gold above 1400...wow,0.5226062521338463
$BBRY Ready for Take OFF!,0.4792989164590835
$VOLC THIS STOCK HAS A VERY VERY VERY VERY VERY HIGH PROBABILITY OF RALLYING TOMORROW AND/OR EARLY NEXT WEEK,0.3051417201757431
"$YOKU high volume blast off Friday, goes higher  http://stks.co/qSaL",0.44500152170658114
$aapl key is to breakout above 460 on solid volume or else it's a no trade for now,0.3924244001507759
$spy bumping its head on declining daily 8ma as overhead resistance. Then the big brother 50ma just above that.,0.42524568140506747
"Long Position on $IP,....Scaling UP http://stks.co/sIln",0.5290120989084244
$FB churning in high volume @ IPO price. Lot's of sellers trying to get out. Might take a while here to consolidate before moving higher.,0.41618659198284147
The Boeing Company (NYSE:BA) Bearish Trader bets $550K that Stock Will Sell Off 9.79% by July Expiry $BA http://stks.co/tCSE,0.4541537921875715
"$TXRH reports Q1 EPS of $0.37 versus the estimated $0.35, beating by $0.02. EPS were Up 19% from the same quarter last year.",0.41723619922995564
"$AAPL is now beaten down, hated, etc. / hhhmm opposite of 700> what happens next?",0.47855217158794405
@asdfLLC. Nice pop today. Told ya we would be green haha. Funny you bring that up. I'm actually working on a story about $NOK at the moment,0.4450929008424282
$AMCN pushing highs,0.47261905670166016
@pierrules: $SIRI LONG!!,0.4852735064923763
$FB SHIFTING ON THE 15 MINUTE HERE - SUSPECT TO TAKE HIGHS,0.32275535743683575
$AMRN You can many times find top and bottoms when shorts start rejoicing or bulls start rejoicing. Currently it is the shorts rejoicing,0.4132831200957299
"$CNDO 21% short float, shorts likely to take profits into close",0.40672407001256944
$RNN staying above the open a very good sign!!!,0.4850834980607033
Watch these bancos.they're holding up relatively well compared to the broad market $XLF $BAC $GS $C <--large C buying in $BAC in backburner,0.4521020010113716
$CAT is hangin on my a thread. 1click away from a cliff drop.. Needs follow through (or snap-back on the VIX),0.449064764380455
$PRGN A bottom right here?,0.44265396893024445
"$SPY Less than 0.2% down and people are calling it bearish. Some heading for exits already. Maybe 1% down will be ""the crash""? Disturbing!",0.4430617459118366
"$P bull flag on the daily, earnings on the table tomorrow +/-12 move.Will straddle this one into earnings..lots of vol guaranteed here",0.4332987308502197
$AAPL Action into the close indicates that $AAPL probably hit a near term high.  Momentum slowing after a huge run.,0.39399202540516853
$V A potential bearish shark pattern if point B $226 to be taken out. http://stks.co/i0GGH,0.47347986027598377
$AMZN Trailing 12 months operating cash flow rose 48% to $4.98 billion & free cash flow decreased 63% to $388 million http://stks.co/c06zG,0.45091152582317595
"$RNN day traders flushed out, it should start going up slowly from now on .",0.4494521737098694
@chessNwine: $IWM 30-Minute Chart. Small caps threatening descending triangle breakdown under $110.20.  http://stks.co/r0KKm,0.33775155935436485
$YELP This goes green and so many shorts are toast!,0.4634570352733135
RT @tomhend777 $MU needs to hold here -Broken for now. Needs big flush. Still not technically oversold so now big bounce yet,0.3974150385707617
$AMRN Got sell signal 7/1/14 still in force with target below 1.50,0.4553075507283211
"$SLV POS, been saying it for 2 years. Going lower. Forget about it or go short.",0.49071343019604685
New recommendation from Carl Kirst of BMO Capital Markets for $WMB is BUY.Price target is $62:http://stks.co/t0S0r,0.4914180651307106
$DNKN $KKD $DPZ $LOCO Inside week buy triggers. http://stks.co/h0vV8  http://stks.co/r0ebN,0.29187974873930217
"$RIG whos ever pushing this is crazy, get ready for suspended dividend (turning into growth stock) blow out earnings, and major buyback, lol",0.5918632559478282
$AAPL Nice RSI 33 bounce at 9:58,0.4538152009248734
"$AXDX I got bored, and took my proprietary profit exit. I didn't like the option liquidity and lousy spreads.",0.41300243288278576
$NFLX Easy pop to 500$ by end of feb.. Then steady as she goes for 600 into second earnings report..800$ year end no matter what,0.5001808557659387
$IWM relative weakness is pretty apparent but the short boat is getting full on this one. I prefer the boat closer to empty.,0.3608916562050581
@saltwaternurse $INO can test 10 again in next few days. time to take some profits here. or hedge with puts.,0.31485555395483966
"@Stockoptionexpert: $MAT - 6%, big trader added 10000 April put contracts 3 days ago  http://stks.co/c1Ols",0.43827893845736987
$FTI Breakout today after reporting earnings last night,0.3998576082289219
"$KO had missed earnings expectations for the last two quarters, so today’s strong results came as a major surprise http://stks.co/d0RHF",0.4259580813348294
$COH Gaining Momentum! Nice buy signals here! Long Over $35.92 http://stks.co/t0tAh,0.4900540195405483
$BABA may take a few days wks months watch what happened to $FB $TWTR after they IPO. mrkt needs to washout. to hunt well need 2 wait stalk.,0.30104431798681613
$RAD All my charts are flashing oversold.,0.43978978991508483
$RSOL bought 3500 shares today!,0.46093109250068665
$ARIA This is the reason why shorts don't show up...long steady small climbs. The best way to accrue value. IMO,0.4794783167541027
$CAMT Looks like might break down. I'm out,0.45651853904128076
$ATHN Seems like a good short setup. Stop above the 50 day. No position.,0.4110241800546646
$KIOR My god. Market getting crushed today. Gotta hold if anything g should recover some tomorrow I imagine.,0.3449585307389498
$AAPL  downgrade is bias. This stock is a buy.,0.4330831065773964
LinkedIn Revenue Up Nearly 50% http://stks.co/g1F4T  $LNKD,0.4828190080821514
$PLUG bear raid,0.45042696520686154
$GPRO down 25% since Tue morning.,0.431712757050991
$ROST Ross Stores Upgraded to Outperform at RBC Capital Markets http://stks.co/j0Q9t,0.4746278539299964
$ARIA Bounce Player! Long above $6.17 http://stks.co/q0WfF,0.4685358434915543
"$TSLA looking good..i'd love to see a basing action here, letting the RSI take a breather. http://stks.co/g1T7c",0.4415572576224804
$RAD I would consider this opportunity to add my position because the company is on the right track they are still improving sales...,0.5131301298737526
$GTAT Will re-enter short on bounce...,0.3402968568727374
$TROW Ascending triangle gives a bullish bias to this chart. Breakout above 84 will be positive http://stks.co/g0ls5,0.4622781254351139
$AEGN MACD and ADX are crossing over the signal lines! Long Setup http://stks.co/qzzx,0.5661050274968148
what #stocks large players are selling http://stks.co/t0Vel $CROX $GOGO $INO,0.47540329694747924
$RNN More bleeding Monday.,0.36296920962631707
$PLUG Closed short position. Small gain. Not interested in options expiring worthless,0.38260700963437555
$UBNT still having some trouble at the resistance line. Should resolve soon.@cheri1 @strattonite   http://stks.co/c0sU4,0.4013542771339417
$TWTR The best scenario going forward is this stock slowly falling everyday....Which is quite probable...,0.37884780056774614
$MXWL Oh snap. Just went long again. LT,0.4931333810091018
$HRL ready to pop! http://stks.co/s0Ny4,0.442027385532856
Just stumbled upon this amazing chart - $OFIX - holy guac. SUPER overbought. http://stks.co/e0PX1,0.47236980795860295
$FB i guess they want it down look at the those sell orders,0.4425967700779438
@ACInvestorBlog: $SPY eod run :),0.4745930001139641
Phew! So far good $BBRY did not break 10.40 coz I was told that is key support level.,0.44934668689966206
$Oil slid to a four-year low after #OPEC kept its oil production unchanged  http://stks.co/a1IX4 $USO $WTI $Brent,0.4627802208065987
$CDTI bounce here on support or H&S setup this area is very important for bulls to not lose http://stks.co/c0mf3,0.4629117339849472
$LNKD Daily Phase 2 retest - Price experiencing early rejection. Can it retest? http://stks.co/t04xX,0.42675947919487955
3-star analyst Joe Wittine from Longbow Research reiterated a HOLD rating on $NTAP.,0.5085581719875336
$GOOG Testing the 200 day after some consolidation http://stks.co/h0cPJ,0.3599378362298012
Walter Investment Management Corp Receives a Sell from Compass Point $WAC http://stks.co/c1IvX,0.4877960667014122
"So as of today's close (8/15/14), I'm long $TSLA $AMTD $TWTR $FB $AAPL $CELG - all on a longer-term, technical swing long basis.",0.6018400132656098
"$HAL If bulls lucky enuff to get an upside gap fill, better take it. Wouldn't chase it here. http://stks.co/r12Us",0.4085201680660248
@1nvestor: $SODA has a 42.71% Float Short. LoL  http://stks.co/e0DfP,0.4365095674991607
"@BrooklynBandit: $SIMO Basing nice. A close over 24.18 is bullish $QQQ $SPY $STUDY watch for a close near HOD. Currently up +3%"" up +5%",0.42578429207205765
$KEP breaking out when the market pulls back  http://stks.co/r0cet,0.44759343490004544
$VIPS similar pattern like beginning of May. Did u sell? Same now..will go up much higher after this drop.,0.3990570105612278
"@Binkster69 Not that. it's just ER's lol. But looking at the correlation of $ARIA and foreign price charts, they are all poised to breakout.",0.39003811590373516
$GDX $GDXJ $JNUG - strong move today for the Junior Gold Miners - keep an EYE out for a gap fill -,0.43709616959095005
@BULLYA @pollux654321 My 50 $KORS 80 Calls are going to b a Blessing for my Daughters tuition!,0.4833814278244972
$FB they are hitting  everything in sight.short it. but twtr,0.3467784970998764
$TSLA You have to love these types of articles. SS interest rose on 12/15 on day before we hit our lows. http://stks.co/c1QKr,0.4163616463541985
"$KNDI Let's see some higher highs and higher lows rest of the day , slow and steady",0.37077492326498035
"$IFF technical alerts: Stochastic Sell Signal, 200 DMA Support, and 50 DMA Support  http://stks.co/p12QY",0.4272852122783661
"$INO Up, up, and away!",0.4454593688249588
$BOBE down $2.84  premarket,0.44027566909790045
$CHRM Loooooongggggg base,0.7473602294921876
$NQ got hit hard lower this AM --> looks like it has found support a 18.89 http://stks.co/s052z,0.45316071584820744
$RSH - looking for first profitable quarter in 3 years!!!  ;).  LONG & STRONG,0.7797014378476889
$GS sells flat..I am out..,0.3694177199155092
Synergy Pharma Soars 67% Today On Positive Phase 3 Results $SGYP http://stks.co/j2awg,0.513653989136219
NaturalGas Settles At 3-year Low $DBO $BNO  http://stks.co/d27qX,0.6157473005354405
$WX Decent pull back . .,0.4245193891227245
"09:01 AM      $AKS  DJ AK Steel Revenue Rises 36% on Auto Sector Demand, Acquisition",0.44603707641363144
$BBRY both 1m/6m trends turn bullish today with a resistance level at $11.31. http://stks.co/j1qt6,0.4754602318629622
Long $GPRO for a brealout trade,0.516648769006133
$UGAZ Will this cold put a dent in the massive horizontal rig production. Who knows  http://stks.co/p1V6P,0.42037938162684435
$ISRG - ISRG Short - http://stks.co/f1vVU http://stks.co/c1qrm,0.3304124712012708
"$HPQ Says Breakup Will Cost Billions, but Sees Savings Too http://stks.co/p27hZ",0.5299492128193378
@Renatta @Fr0van @kjepeneter @RPTL  Strong close 4 $PLNR  coming,0.4852181486785412
Buyback not trending right ( $CPIX spending more as shares pricier). Hopefully will pull back w 6.87 Q2 closing VWAP,0.4645498089492321
"$GILD Sandbagged the guidance so the can use that last 3 billion up.  CC was cautiously optimistic, wait til Next ER for confirmation",0.5231664143502712
End Of Day Scan: Stochastic Overbought $JDST $FREE $BLRX $LPG $AFSI $DVAX $HDGE $AHT $ALR $ASMB  www.dailystockplays.com,0.3990914225578308
$YANG Double bottom 5.2,0.4685639470815658
$HYG Potential continuation Uptrend on a 60'-15'-4' charts http://stks.co/t1Qp6,0.48982813954353327
$CYTX looks like an ascending channel on Finfiz http://stks.co/f26r4,0.47082772701978687
$AAPL Now I'm glad I got stopped out of my $113 weeklies when I did. Will re-enter next Monday for the #earnings run-up.,0.35419558398425577
"$WFM Bought a little yesterday, hoping for an earnings pop.",0.42699048370122905
EUR/USD Finding Support Near 1.10 Level $ERO $UUP $UDN $FXE  http://stks.co/b29eU,0.4466353744268417
$IBIO  up 10% in premarket ready for lift off,0.46666011214256287
"RECAP: $MSFT rumor this morning had them spinning off XBOX unit, stock grinds up all day to close on highs",0.45506802201271057
"$AAPL AAPL finally breaking under the 49 M.A.. With no buybacks this week, look for AAPL to test the 120 support area.",0.43525145575404167
"$DGI technical alerts: Gilligan's Island Buy Setup, Stochastic Buy Signal, Lizard Bullish, Hammer Candlestick, Wid... http://stks.co/c29Nu",0.42884387597441675
$LUV Continues to consolidate above previous break out area...,0.4699794068932533
$REN bottoming out again.. Good time to buy,0.4347312875092029
$GOOGL Hit With Lawsuit from Russian Search Engine $YNDX http://stks.co/b1kD8,0.5658138632774353
$AAPL at resistance right here...sold my shares...will buy back if it dips or if it goes in the 128 gap zone,0.419246456027031
$GALE Breakout Coming Soon!,0.47657997235655786
"$RUSS Don't catch falling knives, but I think an entry is coming soon on this",0.4417955853044987
$AAPL $131 rally mode,0.42482237666845324
$MPWR CEO sells 450k april 15th..meh,0.3580790102481842
"Homebuilders - $RYL breaking below support, watch this one.  $SPY",0.4747017346322537
$AAPL afternoon selloff as usual will be brutal. get ready to lose a ton of money.,0.4326677910983563
$AMZN Going thru the roof needs a sell!,0.5275564953684806
"$ESI on lows, down $1.50 to $2.50 BK a real possibility",0.4311925761401654
Short on $ATVI from 24.55.,0.4046474032104015
End Of Day Scan: Bullish MA  Crossovers $BBVA $PDS $NTLS $NGL $SBRCY $FGL $MTNOY $TTT  www.dailystockplays.com,0.42620453312993045
"@louiebeene vwap is 1.63, held the trend line. Should be on a LOT of radars. $NAVB",0.45649468749761585
$NEON oversold,0.4519424565136433
"$SSYS just re-tested lows . Should rise steadily from here. It hit $81 just 21 trading days ago, and $130.86 on Sept 18. It'll do it again.",0.3831757888197899
"$KNDI Break that HOD on volume, and we have a nice consolidation completed for another run.",0.4755324229598045
$INVE : SEE YA ABOVE $8,0.42970755994319915
$BXS: BancorpSouth Announces Extension of Merger Agreements with ... http://stks.co/s2PDF,0.5094060219824315
"Maglan Capital Up +20.84% In February, Long Fairpoint  http://stks.co/s1eQc $$ $FRP",0.5482720963656903
Exact (EXAS) Flagged As Strong On High Volume $EXAS http://stks.co/r26Ra,0.4842336297035217
$BIOC RSI extremely in long's favor looking at BIOC historically.,0.5417606651782989
$TNH Looks like an explosive setup if it can break the 20EMA and 105 level http://stks.co/b1SVH,0.5306178517639637
$VMW  Got a nice push today following small sweepers of May C this morning,0.4271026745438576
$DDD 3D Systems (DDD) Stock Receives Ratings Downgrade Today at Jefferies http://stks.co/g1cqd,0.5104980580508709
$AAPL Dips being bought up real quick. Higher lows fo sho,0.3479092113673687
Long $X 24.62,0.6578767228871585
$NKE gapping up to all time highs http://stks.co/q1jAu #tradeideas http://stks.co/r1j6c,0.4365144245326519
@Intuitiv $CLNE gasoline prices spike in California. http://stks.co/t1bOi,0.43838187977671617
ESPN Files Lawsuit Against Verizon - http://stks.co/i2Cj1 $VZ,0.5330671645700932
$AVGO great growth stk &  also raised dividend . clearly a great investment http://stks.co/r2F3h,0.5304011031985283
"$RXII Tang really is toxic, they keep bringing the share price down. At least they could let it climb a little before dragging it down.",0.48774041980504984
$AAPL near a 3% drop thats a lot... now the best i can do is HOLD ER lol,0.4841090485453606
$HCP Come to the party and buy this -gonna give solid gains and a dividend $$$$$$,0.6332305233925581
"$ONTY Continues to base as debate lingers. ONT-10 data next potential catalyst. If positive, stock quickly moves to $10. Downside limited.",0.42530914768576616
$SPY Looks like bear traps getting laid faster than Cadbury Creme Eggs by the Easter Bunny,0.4073565974831581
$BBRY Sierra. Has a great cash balance and impressive growth rate.Would be a wonderful marriage!,0.46505390703678134
$IWM same conditions that sent markets to tumble all hitting this week,0.3910155601799488
$CRK time to accumulate for a long position with far more upside than downside,0.6045622568577528
$BWLD bearish engulfing candle,0.42444101572036746
for @vnoto74 to follow:  after a SELL signal by $NDX internals [06/23] ~> technical SELL $QQQ [06/25] ~> DOWN,0.4156944297254085
$AWR Standard & Poor's Affirms 'A+' Credit Rating at American States Water Company and Golden State Water Company http://stks.co/f2P94,0.47452228516340256
$FREE Ha Heeeeeere comes the pump! So glad I picked up 9K end of day! Get ready for the bull ride!,0.4141772083938122
$NUAN held up well after the big gains! Maybe we're finally on the move on this!!its still very undervalued and has major upside,0.5175741061568261
Why $MCD looks set to fall further. http://stks.co/f2fgj,0.47662936300039294
@technik I still have a smaller $GILD pos. Being very tender with cash due to volatility. So reluctant to keep many big positions.,0.3722506795078516
$FB bot some @78.47 breakout from the consolidation zone :D,0.438691582530737
$XLI Potential intermediate top in an Uptrend on a 60'-15'-4' charts http://stks.co/j1TdF,0.4299957644194364
$TWTR sad the only thing to move this is a takeover rumor only to be sold off next day !,0.2129860781133175
"$VRTX Vertex. Monthly -lower hi/lower lo,  Long term uptrend intract so far",0.48339260593056677
$GEVO PLUNGING!  Back to $3.55.,0.4630011528730392
energy still failing to close above the 10D MA.  continues to stand out weak $XLE,0.49251568093895914
$ENB.CA {Head&Shoulders} bullish reversal setup and breakout. Oil and Gas Pipleline stock. $USO,0.448808529227972
"$IMRS - it's important to be pragmatic in analysis...high prices could offer head-winds....bullish story intact,evenif the market rolls over",0.4845850959420204
Micron Shares Pounded On Fears Of Loss Of Business From Apple; Stifel Defends $AAPL $MU http://stks.co/t1Z8T @Marjo,0.5124395295977593
"$CHKP ABC Bullish Pattern, Targets https://t.co/uVMmRSR5Zy",0.46453524678945546
$TSLA is now up 57% from its February low. Amazing rebound.,0.4399349860846996
$SBUX downgraded to neutral at Deutsche Bank. Price target reduced to $64 from $70.,0.47127610445022583
"Micron Technology Inc #NASDAQ: $MU down 2.3% today and down 8.9% since being put on ""The Short"" https://t.co/EQQLTfUiOU",0.4470167510211468
$YHOO About to break out on the 5-min...,0.39631829671561714
$GILD 91 now support. $IBB $BIB https://t.co/GIoOf6zbKv,0.46601529344916337
$FB down 7.5% from this #bearish pattern.  Considering the #bullish sentiment - That's an impressive bearish move https://t.co/TaJF0cH2qh,0.4530404441058636
$SAVE long. https://t.co/yEJuS9cMlC,0.5420227583497763
@mugatushair Now it is time to short $TSLA,0.42915715277194977
$COST Costco less than stellar day but it held the 50 day moving average,0.4138021431863308
"$AGN and $PYPL under pressure along with the market, however there were bullish options trades in both this morning https://t.co/9xG5W8nONT",0.4356657803058624
Costco: A Premier Retail Dividend Play https://t.co/Fa5cnh2t0t $COST,0.48466221690177913
$INTC finally some nice downside move... looking for the 31 handle to break,0.461280146241188
"$YHOO fishy action. New party interested (DailyMail) bounce & retreats. Not short by any means, but action questions big up move. Thoughts?",0.5141223073005676
"Sheryl Sandberg Sells 109,000 Shares of Facebook Inc $FB Stock https://t.co/3vXT7AMnpk via @RatingsNetwork",0.5088569611310959
Amazon has been selling surveillance cameras infected with malware $AMZN #Amazon  https://t.co/TohLEQ8FK6 https://t.co/5PR4cBtVVy,0.5012929923832417
"$TSLA 5th wave down on the 1 hour chart, hammer candle developing, close to 200 sma, might be a good spot for calls",0.40573829859495164
Baird Upgrades Tesla Motors $TSLA to Outperform https://t.co/1FA6aTOqlw,0.4907201588153839
$ilmn piper Jeffries raises pt.  I remain long,0.4799515411257744
"@HopeTurock yes, the expectations of a deal are somewhat priced in but we could see a nice pop if bids come in higher than expected... $YHOO",0.4725851356983185
I don't see it. 200 day sma is the big hurdle. There is a good base building. $NFLX  https://t.co/ImKYGO2cyc,0.4071296080946922
Daily Mail parent company in talks with potential partners about joint bid for Yahoo's internet assets: https://t.co/mK7MEMtADT $YHOO,0.49963744431734086
expecting  $SPY to close above 205.20 $AAPL,0.48452426344156263
"$FB trending nicely, intraday.",0.37645216248929503
Starbucks' Digital Strategy To Drive Significant Growth With Customer Loyalty $SBUX https://t.co/Xk6lZ3UI3K,0.5713170945644379
"$QCOM chart: Qualcomm Short 61.8% Retracement, Trendline and Resistance. https://t.co/2WQqh35KOY",0.4059719838202
"$INTU is in the process of streamlining its structure, especially through divestment of non-core businesses   https://t.co/dR5baNun2u",0.5312917187809943
"$TSLA steaming up again, this stock is relentless at the moment",0.4753151640295982
.@barronsonline sees #Apple at $150/share in a year (+36% from today) on growing services business. $AAPL https://t.co/3BDNEKN7l1,0.5171155042946339
Adobe Receives New Rating from Top Analyst $ADBE https://t.co/LJNXPEvHZN,0.5020012557506561
Activision Blizzard Media Networks Announces Record #Esports Viewership https://t.co/729BiqLbtK $ATVI partnered with $HDSI for 9 #tournament,0.5010193020105362
"Also, BMO had just initiated $incy with an outperform yesterday, while several other firms all reiterated buy ratings.",0.4735112264752388
