title,text,date
Judy Byington: Un-Redacted: DOGE Exposed Supreme Court Chief Justice John Roberts’ Treason: He’s Running A Judicial Cartel. Special Intel Report 3/25/25 (Video),No content available,2025-03-25
Nino - Trump Claims April 2nd Is Liberation Day! Kash Patel Warns Major Arrests Coming! 2025,No content available,2025-03-25
Trump Orders DOJ Pam Bondi to Make a Massive Move… Democrats Furious!,No content available,2025-03-25
"And We Know 3.24.2025: Trump Shares Disturbing Message, FBI Personnel Removed, National Emergency",No content available,2025-03-25
Live: Mike King Patriot Underground Situation Update for March Madness,No content available,2025-03-25
"New X22 Report Mar 24 - Trump ""Big Moves Coming"", Military Movements Unfolding; Rogue Judges 2025",No content available,2025-03-25
Clif High: Full Intel Drop 3.24.25 - It’s Going To Be A Crazy Week Folks! Be Prepared! (Video),No content available,2025-03-25
Kim Goguen: Full Situation Update - Deep State Believes This Is Their Week (Video),No content available,2025-03-25
Reptilians Walk Among Us! New Testimonies! 2025,No content available,2025-03-25
Juan O' Savin & David Nino Rodriguez: Major Arrests Coming - GITMO is Ready to Take in Prisoners! (Video),No content available,2025-03-25
Dr. Lee Merritt: Dangerous Intel 3.25.25 - Everyone Needs to Pay Attention to This! (Video),No content available,2025-03-25
Debra Tavares Unleashed with NEW Explosive Information — 3/24/2025 — Watch While You Can!,No content available,2025-03-25
"Charlie Ward ""This is Huge"" 3.24.2025 - An Emergency Reset Coming",No content available,2025-03-25
Breaking: Trump Goes Full Beast Mode in 24 Hour Blitz —What Just Happened Will Melt Your Face! (Video),No content available,2025-03-25
Gene Decode & David Nino Rodriguez: The Time Is Now 3.24.25 - The Sh*t Is About to Hit the Fan! (Video),No content available,2025-03-25
"Benjamin Fulford Shocking: ""Trump RIP Deep State"", No Way Out 2025",No content available,2025-03-25
"WTPN Situation Update 3.24.25 - Trump/ Q Secret, Special Op in Full Swing; Truth Bombs Shock The World",No content available,2025-03-25
'A Big Event for All of Humanity' - The Pleiadian High Council of Seven (20) 2025,No content available,2025-03-25
This Instantly Cleans Your Clogged Arteries! - Barbara O'Neill (Video),No content available,2025-03-25
Captain Sherry Walker Reveals the Real Reason for All These Plane Crashes (Tucker Carlson Video),No content available,2025-03-25
The Jeffrey Goldberg Texts Scandal,No content available,2025-03-25
"Col Doug Macgregor Urgent: ""What's Coming Is Worse Than a WW3"". 2025",No content available,2025-03-25
"Michael Jaco ""GITMO Update - Big Q/ Trump Intel 3.24.2025"" - All Hell is Breaking Loose",No content available,2025-03-25
"Michael Jaco ""Kazarian Mafia, Who They Are"" - Bring Them All Down 3.23.2025",No content available,2025-03-25
"Lt. Col. Riccardo Bosi, Capt Kyle & Kelly: Breaking Trump Intel! What We Can Expect Next! (Video)",No content available,2025-03-25
"It’s Over: Trump Administration Shuts Down Obama Judge On Terror Deportation Flights, Invokes State’s Secrets Act",No content available,2025-03-25
Whoa! Justice Barrett's Awfull Plan Gets Expoed..Just In Time!!,No content available,2025-03-25
"I Analyzed 100,000 DNA Samples - The Top Diet That Kills You! - Gary Brecka (Video)",No content available,2025-03-25
SG Anon: President Trump Intel Drop That Will Change the Game All Together! (Video),No content available,2025-03-25
The View Publicly Begs Karoline Leavitt to Drop Her $800M Lawsuit – Total Panic Mode! 2025,No content available,2025-03-25
"Byington Bombshell Report: CIA Funds Deep State Zion & Israel, Chief Justice Robert's Judicial Cartel, Covid Jab Engineered to Annihilate Humans",No content available,2025-03-25
"USAID Officials Sentenced, Goodbye Forever 2025",No content available,2025-03-25
Dr. Jan Halper-Hayes: Huge Trump Intel 3.24.25 - The March to GITMO Begins! (Video),No content available,2025-03-25
Bo Polny Huge: It's Time to Tell the Truth 3.22.25 - I'm Exposing the Whole Damn Thing!,No content available,2025-03-25
Kerry Cassidy & Mike Gill: They Just Exposed Everything! The Shocking Truth is Coming Out! (Video),No content available,2025-03-25
Breaking! I Can't Believe What Elon Musk Just Announced! Finally!,No content available,2025-03-25
The Khazarian Mafia - The God Eaters Part 1 and 2,No content available,2025-03-25
Dr. Vernon Coleman Make Biggest Announcement YET - Update March 24,No content available,2025-03-25
"Juan O Savin ""Fasten Your Seatbelt"" 3.22.25 - These Next Few Days Are Critical",No content available,2025-03-25
WHAT'S HAPPENING NOW NEWS UPDATE !!!!,No content available,2025-03-25
Military Sending Strange Signals During Trump's Martial Law Phase,No content available,2025-03-25
Scientists Find Massive 2KM Structure Under Pyramids—Our History Is a Lie! 2025,No content available,2025-03-25
"Judy Byington, Un-Redacted: Canadian Prime Minister Mark Carney Accused of Raping Children on Epstein’s Island! Special Intel Report 3/24/25 (Video)",No content available,2025-03-25
"5TH GEN WARFARE: FREQUENCIES, DEWS & DRONES -- Deb Tavares (Video)",No content available,2025-03-25
"The Hidden History Of The Incredibly Evil Khazarian Mafia by Preston James, Ph.D. 2025",No content available,2025-03-25
Walmart & Costco Issue Terrifying Economic Warning for All Americans 2025,No content available,2025-03-25
"Dr. Lee Merritt, Michael Jaco & Dr. Brian Ardis: The Biggest Disclosure Yet - No One Expected This! (Video)",No content available,2025-03-25
Massive Event Is Taking Place on Earth Now! You Never Seen This Before!,No content available,2025-03-25
This Ancient Temple in India Was Built with a Technology We Still Can’t Explain,No content available,2025-03-25
BREAKING: Trump Just Got a GOLDEN Gift From God But The Four-Word Blessing Changes EVERYTHING! (Video),No content available,2025-03-25
